consulta,rank,documento,similitud_coseno,es_relevante
q1,1,d04,0.6890762406943802,True
q1,2,d01,0.24104429689047813,False
q1,3,d06,0.17176219526377381,False
q1,4,d10,0.1455818977299592,False
q1,5,d02,0.07453421603164366,False
q1,6,d08,0.07361653787213339,False
q1,7,d09,0.06091203978803966,False
q1,8,d05,0.030417830241207696,False
q1,9,d03,0.030168272064907867,False
q1,10,d07,0.0,False
q2,1,d03,0.517438736756843,True
q2,2,d01,0.0,False
q2,3,d02,0.0,False
q2,4,d04,0.0,False
q2,5,d05,0.0,False
q2,6,d06,0.0,False
q2,7,d07,0.0,False
q2,8,d08,0.0,False
q2,9,d09,0.0,False
q2,10,d10,0.0,False
q3,1,d08,0.560429272422995,True
q3,2,d06,0.12298847552390199,False
q3,3,d04,0.08065431281941934,False
q3,4,d01,0.06381465584320169,False
q3,5,d10,0.049407824941549196,False
q3,6,d02,0.045968561989839445,False
q3,7,d03,0.0,False
q3,8,d05,0.0,False
q3,9,d07,0.0,False
q3,10,d09,0.0,False
q4,1,d05,0.45692453531459537,True
q4,2,d01,0.24754993848068024,False
q4,3,d04,0.24252131947498234,False
q4,4,d10,0.19166293170642723,False
q4,5,d02,0.09812652932690284,False
q4,6,d08,0.09691837852548282,False
q4,7,d09,0.08019252602167252,False
q4,8,d03,0.039717434369503,False
q4,9,d06,0.0,False
q4,10,d07,0.0,False
q5,1,d03,0.3106758887220715,False
q5,2,d06,0.2008513459062183,False
q5,3,d04,0.18955976285205217,False
q5,4,d01,0.16230333908296432,False
q5,5,d10,0.08491551831191195,False
q5,6,d09,0.07900232923856973,True
q5,7,d08,0.0748861092010969,False
q5,8,d05,0.03945163300721819,False
q5,9,d02,0.0,False
q5,10,d07,0.0,False
q6,1,d02,0.5674153888326815,True
q6,2,d06,0.16635706514893978,False
q6,3,d03,0.04553295699284448,False
q6,4,d08,0.045402589103718784,False
q6,5,d01,0.03190732792160084,False
q6,6,d04,0.0,False
q6,7,d05,0.0,False
q6,8,d07,0.0,False
q6,9,d09,0.0,False
q6,10,d10,0.0,False
