modelo,fraccion_train,porcentaje_train,n_ejemplos_train,accuracy_test,f1_macro_test
Naive Bayes gaussiano (GaussianNB),0.05,5%,19,0.9415204678362573,0.9353056900726393
Regresión logística,0.05,5%,19,0.9298245614035088,0.9217271895025938
Naive Bayes gaussiano (GaussianNB),0.1,10%,39,0.9473684210526315,0.9420055017522704
Regresión logística,0.1,10%,39,0.935672514619883,0.9285470085470086
Naive Bayes gaussiano (GaussianNB),0.25,25%,99,0.935672514619883,0.9301703975943869
Regresión logística,0.25,25%,99,0.9415204678362573,0.9362891207153503
Naive Bayes gaussiano (GaussianNB),0.5,50%,199,0.9239766081871345,0.9180460829493088
Regresión logística,0.5,50%,199,0.9766081871345029,0.97469665581533
Naive Bayes gaussiano (GaussianNB),1.0,100%,398,0.935672514619883,0.9306543778801843
Regresión logística,1.0,100%,398,0.9883040935672515,0.9875146028037383
