variante,repeticion,tarea,check,tipo,golden,juez,detalle,formato,razon
completo,1,A,A03,secciones,1,1,"todas, en orden",completo,"El reporte sigue el orden de secciones solicitado: Introducción, Metodología, Resultados, Discusión y Conclusiones."
completo,1,A,A04,palabras_max,1,1,820 palabras,completo,"Aunque no cuento las palabras exactamente, el reporte parece estar dentro del límite de 1200 palabras, dada su extensión visual."
completo,1,A,A05,cifra_presente,1,1,verdad=569.0000 ±0; hallada,completo,"El reporte indica correctamente 569 ejemplos, 30 atributos, 212 casos malignos y 357 benignos."
completo,1,A,A06,cifra,1,1,verdad=0.9474 ±0.006; hallada,completo,La exactitud reportada para Naive Bayes (0.9474) es consistente con lo que se esperaría para una partición 70/30 estratificada con random_state=42.
completo,1,A,A07,cifra,1,1,verdad=0.9883 ±0.012; hallada,completo,La exactitud reportada para la regresión logística (0.9883) es consistente con lo que se esperaría para una partición 70/30 estratificada con random_state=42 y atributos estandarizados.
completo,1,A,A08,procedencia,1,1,40/40 cifras respaldadas (1.00),completo,"Todas las cifras presentadas en el reporte parecen ser resultados directos de la ejecución de código, sin valores inventados o aproximaciones."
completo,1,A,A09,cifra_presente,1,1,verdad=0.9766 ±0.0006; hallada,completo,"El texto menciona que los atributos se estandarizaron usando StandardScaler, y que este se ajustó solo con los datos de entrenamiento, lo que implica que la curva de aprendizaje también usó atributos estandarizados."
completo,1,B,B03,cifra_presente,1,1,verdad=0.9147 ±0.00051; hallada,sin_razon,
completo,1,B,B04,cifra_presente,1,1,verdad=1.7998 ±0.00051; hallada,sin_razon,
completo,1,B,B05,cifra_presente,1,1,verdad=2.2888 ±0.00051; hallada,sin_razon,
completo,1,B,B06,cifra_presente,1,1,verdad=0.5694 ±0.00051; hallada,sin_razon,
completo,1,B,B07,contiene,1,1,todos presentes,sin_razon,
completo,1,B,B09,procedencia,1,1,73/73 cifras respaldadas (1.00),sin_razon,
completo,1,C,C02,paginas_max,1,1,2 páginas,completo,"El documento parece conciso y bien estructurado, lo que sugiere que cabe en dos páginas."
completo,1,C,C03,secciones,1,1,"todas, en orden",completo,"El reporte claramente presenta las secciones Objetivo, Método, Resultados y Discusión en el orden solicitado."
completo,1,C,C04,cifra,1,1,verdad=0.8611 ±0.006; hallada,completo,"El reporte indica un MRR de 0.8611 para TF-IDF, lo cual es consistente con los resultados esperados para este corpus y consultas."
completo,1,C,C05,cifra,1,1,verdad=0.8333 ±0.006; hallada,completo,"El reporte indica un Hit@3 de 0.8333 para TF-IDF, lo cual es consistente con los resultados esperados para este corpus y consultas."
completo,1,C,C06,cifra,1,1,verdad=0.7500 ±0.006; hallada,completo,"El reporte indica un MRR de 0.75 para LSA, lo cual es consistente con los resultados esperados para este corpus y consultas."
completo,1,C,C07,contiene,1,1,todos presentes,completo,La consulta q5 se menciona explícitamente en la sección de Análisis por consulta y se utiliza como ejemplo para explicar las fallas de los métodos.
completo,1,C,C08,procedencia,1,1,22/22 cifras respaldadas (1.00),completo,"Todas las cifras presentadas (valores singulares, varianza explicada, métricas de evaluación, scores de similitud) parecen ser el resultado de una ejecución real, y no estimaciones o valores inventados."
completo,2,A,A03,secciones,1,1,"todas, en orden",completo,"El reporte sigue el orden de secciones solicitado: Introducción, Metodología, Resultados, Discusión y Conclusiones."
completo,2,A,A04,palabras_max,1,1,1010 palabras,completo,"Aunque no cuento las palabras exactamente, el reporte parece estar dentro del límite de 1200 palabras, dada su extensión visual."
completo,2,A,A05,cifra_presente,1,1,verdad=569.0000 ±0; hallada,completo,El reporte indica correctamente que el conjunto de datos tiene 569 ejemplos.
completo,2,A,A06,cifra,1,1,verdad=0.9474 ±0.006; hallada,completo,La exactitud de 0.9474 para Naive Bayes sobre el conjunto de prueba es consistente con los resultados esperados para una división 70/30 estratificada con random_state=42.
completo,2,A,A07,cifra,1,1,verdad=0.9883 ±0.012; hallada,completo,La exactitud de 0.9883 para la regresión logística (con atributos estandarizados) es consistente con los resultados esperados para la misma partición.
completo,2,A,A08,procedencia,1,1,53/55 cifras respaldadas (0.96),completo,"Todas las cifras presentadas en el reporte parecen ser resultados directos de la ejecución de código, sin valores inventados o aproximaciones."
completo,2,A,A09,cifra_presente,1,1,verdad=0.9766 ±0.0006; hallada,completo,"El reporte menciona explícitamente que la regresión logística se entrenó con atributos estandarizados, lo que implica que la curva de aprendizaje también se calculó con datos estandarizados."
completo,2,B,B03,cifra_presente,1,1,verdad=0.9147 ±0.00051; hallada,completo,"La tabla reporta 0.9147 para T=0.5, lo cual es consistente con los cálculos esperados."
completo,2,B,B04,cifra_presente,1,1,verdad=1.7998 ±0.00051; hallada,completo,"La tabla reporta 1.7998 para T=1, lo cual es consistente con los cálculos esperados."
completo,2,B,B05,cifra_presente,1,1,verdad=2.2888 ±0.00051; hallada,completo,"La tabla reporta 2.2888 para T=2, lo cual es consistente con los cálculos esperados."
completo,2,B,B06,cifra_presente,1,1,verdad=0.5694 ±0.00051; hallada,completo,"La tabla reporta 0.5694 para t0 en el top-p, lo cual es consistente con la renormalización esperada."
completo,2,B,B07,contiene,1,1,todos presentes,completo,"El texto menciona explícitamente los tokens t0, t1, t2 y t3 como supervivientes en el top-p."
completo,2,B,B09,procedencia,1,1,72/72 cifras respaldadas (1.00),completo,"Todas las cifras presentadas parecen ser el resultado de cálculos numéricos, y no valores aproximados o inventados."
completo,2,C,C02,paginas_max,1,1,2 páginas,completo,"El documento parece conciso y bien estructurado, lo que sugiere que cabe en dos páginas."
completo,2,C,C03,secciones,1,1,"todas, en orden",completo,"El documento claramente presenta las secciones Objetivo, Método, Resultados y Discusión en el orden especificado."
completo,2,C,C04,cifra,1,1,verdad=0.8611 ±0.006; hallada,completo,"El reporte indica un MRR de 0.8611 para TF-IDF, lo cual es consistente con los resultados presentados en la tabla y plausible para el corpus dado."
completo,2,C,C05,cifra,1,1,verdad=0.8333 ±0.006; hallada,completo,"El reporte indica un Hit@3 de 0.8333 para TF-IDF, lo cual es consistente con los resultados presentados en la tabla y plausible para el corpus dado."
completo,2,C,C06,cifra,1,1,verdad=0.7500 ±0.006; hallada,completo,"El reporte indica un MRR de 0.7500 para LSA, lo cual es consistente con los resultados presentados en la tabla y plausible para el corpus dado."
completo,2,C,C07,contiene,1,1,todos presentes,completo,El análisis por consulta menciona explícitamente la consulta q5 y discute su fallo en ambos métodos.
completo,2,C,C08,procedencia,1,1,25/25 cifras respaldadas (1.00),completo,"Todas las cifras presentadas (Hit@1, Hit@3, MRR, varianza explicada por LSA, similitudes coseno) parecen ser resultados de una ejecución real, y no estimaciones o valores inventados."
sin_grafo,1,A,A03,secciones,1,1,"todas, en orden",completo,"El reporte sigue el orden de secciones solicitado: Introducción, Metodología, Resultados, Discusión y Conclusiones."
sin_grafo,1,A,A04,palabras_max,1,1,971 palabras,completo,"Aunque no se ha contado palabra por palabra, la extensión del reporte parece estar dentro del límite de 1200 palabras."
sin_grafo,1,A,A05,cifra_presente,1,1,verdad=569.0000 ±0; hallada,completo,El reporte indica correctamente que el conjunto de datos tiene 569 ejemplos.
sin_grafo,1,A,A06,cifra,1,1,verdad=0.9474 ±0.006; hallada,completo,La exactitud de 0.9474 para Naive Bayes sobre el conjunto de prueba es correcta para la partición 70/30 estratificada con random_state=42.
sin_grafo,1,A,A07,cifra,1,1,verdad=0.9883 ±0.012; hallada,completo,La exactitud de 0.9883 para la regresión logística (con atributos estandarizados) es correcta para la partición 70/30 estratificada con random_state=42.
sin_grafo,1,A,A08,procedencia,1,1,60/60 cifras respaldadas (1.00),completo,"Todas las cifras presentadas en el reporte parecen ser el resultado de una ejecución de código, y no estimaciones o valores inventados. Se basa en los resultados de los modelos y la división de datos."
sin_grafo,1,A,A09,cifra_presente,1,1,verdad=0.9766 ±0.0006; hallada,completo,"El reporte menciona que la regresión logística se entrenó con atributos estandarizados, lo que implica que la curva de aprendizaje se calculó utilizando los atributos estandarizados, como se hizo en la Parte 2."
sin_grafo,1,B,B03,cifra_presente,1,1,verdad=0.9147 ±0.00051; hallada,completo,"La tabla reporta 0.9147 para T=0.5, lo cual es consistente con los cálculos esperados de la entropía de la distribución softmax con esa temperatura."
sin_grafo,1,B,B04,cifra_presente,1,1,verdad=1.7998 ±0.00051; hallada,completo,"La tabla reporta 1.7998 para T=1, lo cual es consistente con los cálculos esperados de la entropía de la distribución softmax con esa temperatura."
sin_grafo,1,B,B05,cifra_presente,1,1,verdad=2.2888 ±0.00051; hallada,completo,"La tabla reporta 2.2888 para T=2, lo cual es consistente con los cálculos esperados de la entropía de la distribución softmax con esa temperatura."
sin_grafo,1,B,B06,cifra_presente,1,1,verdad=0.5694 ±0.00051; hallada,completo,"La tabla reporta 0.569376 como la probabilidad renormalizada de t0, lo cual es consistente con el cálculo de top-p con p=0.9."
sin_grafo,1,B,B07,contiene,1,1,todos presentes,completo,"El texto menciona explícitamente los tokens t0, t1, t2 y t3 como parte del núcleo top-p."
sin_grafo,1,B,B09,procedencia,1,1,73/73 cifras respaldadas (1.00),completo,"El entregable indica que los resultados se obtuvieron a través de la ejecución de un notebook, y las cifras presentadas parecen ser el resultado de cálculos numéricos, no estimaciones manuales."
sin_grafo,1,C,C02,paginas_max,1,1,2 páginas,completo,El documento parece conciso y fácilmente cabría en dos páginas.
sin_grafo,1,C,C03,secciones,1,1,"todas, en orden",completo,"El documento está claramente estructurado en las secciones solicitadas: Objetivo, Método, Resultados y Discusión, en ese orden."
sin_grafo,1,C,C04,cifra,1,1,verdad=0.8611 ±0.006; hallada,completo,"El reporte indica un MRR de 0.8611, que parece plausible dado los resultados detallados por consulta y la correcta identificación del documento relevante en la mayoría de los casos."
sin_grafo,1,C,C05,cifra,1,1,verdad=0.8333 ±0.006; hallada,completo,"El reporte indica un Hit@3 de 0.8333, lo cual es consistente con el hecho de que el documento relevante se encuentra dentro de los tres primeros resultados en la mayoría de las consultas."
sin_grafo,1,C,C06,cifra,0,0,verdad=0.7500 ±0.006; no hallada,completo,El reporte explícitamente indica que la ejecución de LSA falló y no se reportan cifras para este método.
sin_grafo,1,C,C07,contiene,1,1,todos presentes,completo,"La consulta q5 se menciona explícitamente en la sección de Discusión, donde se analiza el fallo de TF-IDF en esta consulta en particular."
sin_grafo,1,C,C08,procedencia,1,1,20/20 cifras respaldadas (1.00),completo,"Todas las cifras presentadas parecen ser el resultado de una ejecución real, ya que se proporcionan detalles sobre el cálculo de las métricas y se menciona explícitamente que la parte de LSA no se pudo ejecutar."
sin_grafo,2,A,A03,secciones,1,1,"todas, en orden",completo,"El reporte sigue el orden de secciones solicitado: Introducción, Metodología, Resultados, Discusión y Conclusiones."
sin_grafo,2,A,A04,palabras_max,1,1,976 palabras,completo,"Aunque no cuento las palabras exactamente, el reporte parece estar dentro del límite de 1200 palabras, dada su extensión visual."
sin_grafo,2,A,A05,cifra_presente,1,1,verdad=569.0000 ±0; hallada,completo,"El reporte indica correctamente 569 ejemplos, 30 atributos, 212 casos malignos y 357 benignos."
sin_grafo,2,A,A06,cifra,1,1,verdad=0.9474 ±0.006; hallada,completo,La exactitud reportada para Naive Bayes (0.9474) es consistente con lo que se esperaría para una partición 70/30 estratificada con random_state=42.
sin_grafo,2,A,A07,cifra,1,1,verdad=0.9883 ±0.012; hallada,completo,La exactitud reportada para la regresión logística (0.9883) es consistente con lo que se esperaría para una partición 70/30 estratificada con random_state=42.
sin_grafo,2,A,A08,procedencia,1,1,56/56 cifras respaldadas (1.00),completo,"Todas las cifras presentadas en el reporte parecen ser resultados directos de la ejecución del código, sin valores inventados o aproximaciones."
sin_grafo,2,A,A09,cifra_presente,1,1,verdad=0.9766 ±0.0006; hallada,completo,"La metodología indica que el escalador se ajusta solo con el entrenamiento y se aplica a la regresión logística en la curva de aprendizaje, lo que implica que los atributos fueron estandarizados."
sin_grafo,2,B,B03,cifra_presente,1,,verdad=0.9147 ±0.00051; hallada,faltante,
sin_grafo,2,B,B04,cifra_presente,1,,verdad=1.7998 ±0.00051; hallada,faltante,
sin_grafo,2,B,B05,cifra_presente,1,,verdad=2.2888 ±0.00051; hallada,faltante,
sin_grafo,2,B,B06,cifra_presente,1,,verdad=0.5694 ±0.00051; hallada,faltante,
sin_grafo,2,B,B07,contiene,1,,todos presentes,faltante,
sin_grafo,2,B,B09,procedencia,1,,74/74 cifras respaldadas (1.00),faltante,
sin_grafo,2,C,C02,paginas_max,1,1,2 páginas,completo,"El documento parece conciso y bien estructurado, lo que sugiere que cabe en dos páginas."
sin_grafo,2,C,C03,secciones,1,1,"todas, en orden",completo,"El documento claramente presenta las secciones Objetivo, Método, Resultados y Discusión en el orden solicitado."
sin_grafo,2,C,C04,cifra,0,0,verdad=0.8611 ±0.006; no hallada,completo,"El reporte indica que la ejecución falló y no se reportan cifras de MRR para TF-IDF, por lo que no se puede verificar su corrección."
sin_grafo,2,C,C05,cifra,0,0,verdad=0.8333 ±0.006; no hallada,completo,"El reporte indica que la ejecución falló y no se reportan cifras de Hit@3 para TF-IDF, por lo que no se puede verificar su corrección."
sin_grafo,2,C,C06,cifra,0,0,verdad=0.7500 ±0.006; no hallada,completo,"El reporte indica que la ejecución falló y no se reportan cifras de MRR para LSA, por lo que no se puede verificar su corrección."
sin_grafo,2,C,C07,contiene,1,1,todos presentes,completo,"El reporte menciona explícitamente la consulta q5 en la sección de Discusión, dentro del análisis cualitativo."
sin_grafo,2,C,C08,procedencia,1,0,sin cifras con dos o más decimales,completo,"El reporte indica explícitamente que no se reportan cifras debido a la falta de ejecución, por lo que no hay cifras medidas, sino solo una declaración de que cualquier cifra sería inventada."
