variante,repeticion,tarea,check,tipo,ok,detalle
completo,1,A,A01,archivo,1,1 archivo(s) con reporte.md
completo,1,A,A02,archivo,1,13 archivo(s) con **/*.png
completo,1,A,A03,secciones,1,"todas, en orden"
completo,1,A,A04,palabras_max,1,820 palabras
completo,1,A,A05,cifra_presente,1,verdad=569.0000 ±0; hallada
completo,1,A,A06,cifra,1,verdad=0.9474 ±0.006; hallada
completo,1,A,A07,cifra,1,verdad=0.9883 ±0.012; hallada
completo,1,A,A08,procedencia,1,40/40 cifras respaldadas (1.00)
completo,1,A,A09,cifra_presente,1,verdad=0.9766 ±0.0006; hallada
completo,1,B,B01,archivo,1,1 archivo(s) con *.ipynb
completo,1,B,B02,ipynb_ejecutado,1,"3 celdas de código, 0 sin ejecutar, 0 con error"
completo,1,B,B03,cifra_presente,1,verdad=0.9147 ±0.00051; hallada
completo,1,B,B04,cifra_presente,1,verdad=1.7998 ±0.00051; hallada
completo,1,B,B05,cifra_presente,1,verdad=2.2888 ±0.00051; hallada
completo,1,B,B06,cifra_presente,1,verdad=0.5694 ±0.00051; hallada
completo,1,B,B07,contiene,1,todos presentes
completo,1,B,B08,archivo,1,16 archivo(s) con **/*.png
completo,1,B,B09,procedencia,1,73/73 cifras respaldadas (1.00)
completo,1,C,C01,archivo,1,1 archivo(s) con reporte.pdf
completo,1,C,C02,paginas_max,1,2 páginas
completo,1,C,C03,secciones,1,"todas, en orden"
completo,1,C,C04,cifra,1,verdad=0.8611 ±0.006; hallada
completo,1,C,C05,cifra,1,verdad=0.8333 ±0.006; hallada
completo,1,C,C06,cifra,1,verdad=0.7500 ±0.006; hallada
completo,1,C,C07,contiene,1,todos presentes
completo,1,C,C08,procedencia,1,22/22 cifras respaldadas (1.00)
completo,2,A,A01,archivo,1,1 archivo(s) con reporte.md
completo,2,A,A02,archivo,1,14 archivo(s) con **/*.png
completo,2,A,A03,secciones,1,"todas, en orden"
completo,2,A,A04,palabras_max,1,1010 palabras
completo,2,A,A05,cifra_presente,1,verdad=569.0000 ±0; hallada
completo,2,A,A06,cifra,1,verdad=0.9474 ±0.006; hallada
completo,2,A,A07,cifra,1,verdad=0.9883 ±0.012; hallada
completo,2,A,A08,procedencia,1,53/55 cifras respaldadas (0.96)
completo,2,A,A09,cifra_presente,1,verdad=0.9766 ±0.0006; hallada
completo,2,B,B01,archivo,1,1 archivo(s) con *.ipynb
completo,2,B,B02,ipynb_ejecutado,1,"3 celdas de código, 0 sin ejecutar, 0 con error"
completo,2,B,B03,cifra_presente,1,verdad=0.9147 ±0.00051; hallada
completo,2,B,B04,cifra_presente,1,verdad=1.7998 ±0.00051; hallada
completo,2,B,B05,cifra_presente,1,verdad=2.2888 ±0.00051; hallada
completo,2,B,B06,cifra_presente,1,verdad=0.5694 ±0.00051; hallada
completo,2,B,B07,contiene,1,todos presentes
completo,2,B,B08,archivo,1,16 archivo(s) con **/*.png
completo,2,B,B09,procedencia,1,72/72 cifras respaldadas (1.00)
completo,2,C,C01,archivo,1,1 archivo(s) con reporte.pdf
completo,2,C,C02,paginas_max,1,2 páginas
completo,2,C,C03,secciones,1,"todas, en orden"
completo,2,C,C04,cifra,1,verdad=0.8611 ±0.006; hallada
completo,2,C,C05,cifra,1,verdad=0.8333 ±0.006; hallada
completo,2,C,C06,cifra,1,verdad=0.7500 ±0.006; hallada
completo,2,C,C07,contiene,1,todos presentes
completo,2,C,C08,procedencia,1,25/25 cifras respaldadas (1.00)
sin_grafo,1,A,A01,archivo,1,1 archivo(s) con reporte.md
sin_grafo,1,A,A02,archivo,1,10 archivo(s) con **/*.png
sin_grafo,1,A,A03,secciones,1,"todas, en orden"
sin_grafo,1,A,A04,palabras_max,1,971 palabras
sin_grafo,1,A,A05,cifra_presente,1,verdad=569.0000 ±0; hallada
sin_grafo,1,A,A06,cifra,1,verdad=0.9474 ±0.006; hallada
sin_grafo,1,A,A07,cifra,1,verdad=0.9883 ±0.012; hallada
sin_grafo,1,A,A08,procedencia,1,60/60 cifras respaldadas (1.00)
sin_grafo,1,A,A09,cifra_presente,1,verdad=0.9766 ±0.0006; hallada
sin_grafo,1,B,B01,archivo,1,1 archivo(s) con *.ipynb
sin_grafo,1,B,B02,ipynb_ejecutado,1,"3 celdas de código, 0 sin ejecutar, 0 con error"
sin_grafo,1,B,B03,cifra_presente,1,verdad=0.9147 ±0.00051; hallada
sin_grafo,1,B,B04,cifra_presente,1,verdad=1.7998 ±0.00051; hallada
sin_grafo,1,B,B05,cifra_presente,1,verdad=2.2888 ±0.00051; hallada
sin_grafo,1,B,B06,cifra_presente,1,verdad=0.5694 ±0.00051; hallada
sin_grafo,1,B,B07,contiene,1,todos presentes
sin_grafo,1,B,B08,archivo,1,15 archivo(s) con **/*.png
sin_grafo,1,B,B09,procedencia,1,73/73 cifras respaldadas (1.00)
sin_grafo,1,C,C01,archivo,1,1 archivo(s) con reporte.pdf
sin_grafo,1,C,C02,paginas_max,1,2 páginas
sin_grafo,1,C,C03,secciones,1,"todas, en orden"
sin_grafo,1,C,C04,cifra,1,verdad=0.8611 ±0.006; hallada
sin_grafo,1,C,C05,cifra,1,verdad=0.8333 ±0.006; hallada
sin_grafo,1,C,C06,cifra,0,verdad=0.7500 ±0.006; no hallada
sin_grafo,1,C,C07,contiene,1,todos presentes
sin_grafo,1,C,C08,procedencia,1,20/20 cifras respaldadas (1.00)
sin_grafo,2,A,A01,archivo,1,1 archivo(s) con reporte.md
sin_grafo,2,A,A02,archivo,1,6 archivo(s) con **/*.png
sin_grafo,2,A,A03,secciones,1,"todas, en orden"
sin_grafo,2,A,A04,palabras_max,1,976 palabras
sin_grafo,2,A,A05,cifra_presente,1,verdad=569.0000 ±0; hallada
sin_grafo,2,A,A06,cifra,1,verdad=0.9474 ±0.006; hallada
sin_grafo,2,A,A07,cifra,1,verdad=0.9883 ±0.012; hallada
sin_grafo,2,A,A08,procedencia,1,56/56 cifras respaldadas (1.00)
sin_grafo,2,A,A09,cifra_presente,1,verdad=0.9766 ±0.0006; hallada
sin_grafo,2,B,B01,archivo,1,1 archivo(s) con *.ipynb
sin_grafo,2,B,B02,ipynb_ejecutado,1,"3 celdas de código, 0 sin ejecutar, 0 con error"
sin_grafo,2,B,B03,cifra_presente,1,verdad=0.9147 ±0.00051; hallada
sin_grafo,2,B,B04,cifra_presente,1,verdad=1.7998 ±0.00051; hallada
sin_grafo,2,B,B05,cifra_presente,1,verdad=2.2888 ±0.00051; hallada
sin_grafo,2,B,B06,cifra_presente,1,verdad=0.5694 ±0.00051; hallada
sin_grafo,2,B,B07,contiene,1,todos presentes
sin_grafo,2,B,B08,archivo,1,20 archivo(s) con **/*.png
sin_grafo,2,B,B09,procedencia,1,74/74 cifras respaldadas (1.00)
sin_grafo,2,C,C01,archivo,1,1 archivo(s) con reporte.pdf
sin_grafo,2,C,C02,paginas_max,1,2 páginas
sin_grafo,2,C,C03,secciones,1,"todas, en orden"
sin_grafo,2,C,C04,cifra,0,verdad=0.8611 ±0.006; no hallada
sin_grafo,2,C,C05,cifra,0,verdad=0.8333 ±0.006; no hallada
sin_grafo,2,C,C06,cifra,0,verdad=0.7500 ±0.006; no hallada
sin_grafo,2,C,C07,contiene,1,todos presentes
sin_grafo,2,C,C08,procedencia,1,sin cifras con dos o más decimales
