variante,repeticion,tarea,agente,llamadas,tokens_entrada,tokens_salida,latencia_s,errores
completo,1,A,critico,3,13350,3517,21.8,0
completo,1,A,indexador,4,1655,8628,68.0,0
completo,1,A,planificador,1,1054,1513,10.5,0
completo,1,A,programador,3,8619,36686,204.8,0
completo,1,A,redactor,1,3883,6572,36.0,0
completo,1,B,critico,3,13353,6732,39.4,0
completo,1,B,indexador,4,1613,11748,89.6,0
completo,1,B,planificador,1,1010,1224,9.0,0
completo,1,B,programador,3,10450,24268,141.6,0
completo,1,B,redactor,1,4874,4526,26.2,0
completo,1,C,critico,3,21535,4370,27.5,0
completo,1,C,indexador,4,1520,13111,88.1,0
completo,1,C,planificador,1,1313,4903,28.9,0
completo,1,C,programador,6,32251,181662,1011.8,2
completo,1,C,redactor,1,9632,3572,20.2,0
completo,2,A,critico,3,12932,3532,21.8,0
completo,2,A,indexador,4,1655,9062,60.2,0
completo,2,A,planificador,1,1054,1503,8.5,0
completo,2,A,programador,3,8685,33739,186.7,0
completo,2,A,redactor,1,4104,2920,16.5,0
completo,2,B,critico,3,11048,6439,36.0,0
completo,2,B,indexador,4,1613,8193,56.0,0
completo,2,B,planificador,1,1010,1213,6.9,0
completo,2,B,programador,3,9459,20117,108.1,0
completo,2,B,redactor,1,3550,8736,46.2,0
completo,2,C,critico,3,21385,8027,69.7,0
completo,2,C,indexador,4,1520,9186,61.8,0
completo,2,C,planificador,1,1313,3973,25.8,0
completo,2,C,programador,4,22018,94663,660.4,1
completo,2,C,redactor,2,23226,14450,90.5,0
sin_grafo,1,A,critico,3,11361,3877,26.4,0
sin_grafo,1,A,planificador,1,1054,1078,7.3,0
sin_grafo,1,A,programador,3,3877,16880,104.6,0
sin_grafo,1,A,redactor,1,3767,8308,53.0,0
sin_grafo,1,B,critico,3,10502,11170,73.9,0
sin_grafo,1,B,planificador,1,1010,1235,8.6,0
sin_grafo,1,B,programador,3,4465,15258,100.8,0
sin_grafo,1,B,redactor,1,3653,9029,57.6,0
sin_grafo,1,C,critico,2,11964,4475,30.2,0
sin_grafo,1,C,planificador,1,1313,1901,13.3,0
sin_grafo,1,C,programador,8,23234,308263,2047.5,5
sin_grafo,1,C,redactor,1,4834,9620,59.6,0
sin_grafo,2,A,critico,3,11083,4376,39.1,0
sin_grafo,2,A,planificador,1,1054,1534,9.1,0
sin_grafo,2,A,programador,4,7129,26677,198.8,0
sin_grafo,2,A,redactor,2,8866,9606,64.3,0
sin_grafo,2,B,critico,3,11041,5570,35.0,0
sin_grafo,2,B,planificador,1,1010,1808,12.9,0
sin_grafo,2,B,programador,3,4453,18803,131.0,0
sin_grafo,2,B,redactor,2,9567,30033,214.6,0
sin_grafo,2,C,critico,3,15375,11375,93.2,0
sin_grafo,2,C,planificador,1,1313,5931,41.3,0
sin_grafo,2,C,programador,3,8123,41070,295.7,0
sin_grafo,2,C,redactor,1,1690,3220,28.2,0
