store_id,error_a,error_b,difference,abs_difference,difference_decimas,signo,favors
S01,12.4,10.6,1.8000000000000007,1.8000000000000007,18,positivo,B
S02,9.8,9.1,0.7000000000000011,0.7000000000000011,7,positivo,B
S03,15.1,13.9,1.1999999999999993,1.1999999999999993,12,positivo,B
S04,11.0,12.4,-1.4000000000000004,1.4000000000000004,-14,negativo,A
S05,8.7,7.2,1.4999999999999991,1.4999999999999991,15,positivo,B
S06,13.6,13.9,-0.3000000000000007,0.3000000000000007,-3,negativo,A
S07,10.2,9.3,0.8999999999999986,0.8999999999999986,9,positivo,B
S08,14.9,12.8,2.0999999999999996,2.0999999999999996,21,positivo,B
S09,7.5,9.3,-1.8000000000000007,1.8000000000000007,-18,negativo,A
S10,16.0,15.0,1.0,1.0,10,positivo,B
S11,9.3,9.8,-0.5,0.5,-5,negativo,A
S12,12.8,11.1,1.700000000000001,1.700000000000001,17,positivo,B
S13,11.7,12.9,-1.200000000000001,1.200000000000001,-12,negativo,A
S14,8.9,8.3,0.5999999999999996,0.5999999999999996,6,positivo,B
S15,13.2,11.9,1.299999999999999,1.299999999999999,13,positivo,B
S16,10.6,11.5,-0.9000000000000004,0.9000000000000004,-9,negativo,A
