consulta,pos,doc_id,score,es_relevante
q1,1,d04,0.6890762406943802,1
q1,2,d01,0.24104429689047813,0
q1,3,d06,0.17176219526377381,0
q1,4,d10,0.1455818977299592,0
q1,5,d02,0.07453421603164366,0
q1,6,d08,0.07361653787213339,0
q1,7,d09,0.06091203978803966,0
q1,8,d05,0.030417830241207696,0
q1,9,d03,0.030168272064907867,0
q1,10,d07,0.0,0
q2,1,d03,0.517438736756843,1
q2,2,d01,0.0,0
q2,3,d02,0.0,0
q2,4,d04,0.0,0
q2,5,d05,0.0,0
q2,6,d06,0.0,0
q2,7,d07,0.0,0
q2,8,d08,0.0,0
q2,9,d09,0.0,0
q2,10,d10,0.0,0
q3,1,d08,0.560429272422995,1
q3,2,d06,0.12298847552390199,0
q3,3,d04,0.08065431281941934,0
q3,4,d01,0.06381465584320169,0
q3,5,d10,0.049407824941549196,0
q3,6,d02,0.045968561989839445,0
q3,7,d03,0.0,0
q3,8,d05,0.0,0
q3,9,d07,0.0,0
q3,10,d09,0.0,0
q4,1,d05,0.45692453531459537,1
q4,2,d01,0.24754993848068024,0
q4,3,d04,0.24252131947498234,0
q4,4,d10,0.19166293170642723,0
q4,5,d02,0.09812652932690284,0
q4,6,d08,0.09691837852548282,0
q4,7,d09,0.08019252602167252,0
q4,8,d03,0.039717434369503,0
q4,9,d06,0.0,0
q4,10,d07,0.0,0
q5,1,d03,0.3106758887220715,0
q5,2,d06,0.2008513459062183,0
q5,3,d04,0.18955976285205217,0
q5,4,d01,0.16230333908296432,0
q5,5,d10,0.08491551831191195,0
q5,6,d09,0.07900232923856973,1
q5,7,d08,0.0748861092010969,0
q5,8,d05,0.03945163300721819,0
q5,9,d02,0.0,0
q5,10,d07,0.0,0
q6,1,d02,0.5674153888326815,1
q6,2,d06,0.16635706514893978,0
q6,3,d03,0.04553295699284448,0
q6,4,d08,0.045402589103718784,0
q6,5,d01,0.03190732792160084,0
q6,6,d04,0.0,0
q6,7,d05,0.0,0
q6,8,d07,0.0,0
q6,9,d09,0.0,0
q6,10,d10,0.0,0
